execution_id,store_id,sku_id,audit_date,facings_actual,facings_expected,display_present,stock_status,compliance_rate
1,1001,KEL001,2024-06-30,7,8,True,in_stock,0.92
2,1001,KEL002,2024-06-30,3,4,True,in_stock,0.749
3,1001,KEL003,2024-06-30,5,6,True,in_stock,0.78
4,1001,KEL004,2024-06-30,7,8,True,in_stock,0.866
5,1001,KEL005,2024-06-30,3,4,True,in_stock,0.857
6,1001,KEL006,2024-06-30,5,6,True,in_stock,0.718
7,1001,KEL007,2024-06-30,6,8,True,in_stock,0.776
8,1001,KEL008,2024-06-30,3,4,True,out_of_stock,0.863
9,1001,KEL009,2024-06-30,3,4,True,in_stock,0.845
10,1001,KEL010,2024-06-30,7,8,True,in_stock,0.945
11,1001,KEL011,2024-06-30,4,6,True,in_stock,0.726
12,1001,KEL012,2024-06-30,2,4,True,in_stock,0.644
13,1001,KEL013,2024-06-30,5,4,True,in_stock,0.948
14,1001,KEL014,2024-06-30,2,4,True,in_stock,0.64
15,1001,KEL015,2024-06-30,4,4,True,in_stock,0.902
16,1001,KEL016,2024-06-30,5,4,True,in_stock,0.937
17,1001,KEL017,2024-06-30,5,8,True,in_stock,0.63
18,1001,KEL018,2024-06-30,3,8,True,out_of_stock,0.403
19,1001,KEL019,2024-06-30,2,4,True,in_stock,0.675
20,1001,KEL020,2024-06-30,4,8,False,out_of_stock,0.547
21,1002,KEL001,2024-06-30,2,8,False,out_of_stock,0.367
22,1002,KEL002,2024-06-30,5,6,False,in_stock,0.733
23,1002,KEL003,2024-06-30,0,4,False,out_of_stock,0.125
24,1002,KEL004,2024-06-30,7,8,True,in_stock,0.879
25,1002,KEL005,2024-06-30,5,4,True,in_stock,0.943
26,1002,KEL006,2024-06-30,4,6,True,in_stock,0.548
27,1002,KEL007,2024-06-30,3,8,False,in_stock,0.32
28,1002,KEL008,2024-06-30,0,6,False,out_of_stock,0.103
29,1002,KEL009,2024-06-30,5,8,True,in_stock,0.627
30,1002,KEL010,2024-06-30,1,4,False,in_stock,0.028
31,1002,KEL011,2024-06-30,4,8,False,in_stock,0.469
32,1002,KEL012,2024-06-30,3,4,True,in_stock,0.818
33,1002,KEL013,2024-06-30,1,6,False,out_of_stock,0.12
34,1002,KEL014,2024-06-30,6,6,True,in_stock,0.859
35,1002,KEL015,2024-06-30,3,4,True,in_stock,0.74
36,1002,KEL016,2024-06-30,7,8,True,in_stock,0.864
37,1002,KEL017,2024-06-30,4,6,False,in_stock,0.723
38,1002,KEL018,2024-06-30,4,6,False,in_stock,0.566
39,1002,KEL019,2024-06-30,7,6,True,in_stock,0.986
40,1002,KEL020,2024-06-30,1,4,False,out_of_stock,0.535
41,1003,KEL001,2024-06-30,3,8,False,in_stock,0.375
42,1003,KEL002,2024-06-30,4,8,False,in_stock,0.629
43,1003,KEL003,2024-06-30,4,6,True,in_stock,0.798
44,1003,KEL004,2024-06-30,3,4,True,in_stock,0.922
45,1003,KEL005,2024-06-30,1,8,False,out_of_stock,0.177
46,1003,KEL006,2024-06-30,2,4,True,in_stock,0.706
47,1003,KEL007,2024-06-30,3,4,True,in_stock,0.853
48,1003,KEL008,2024-06-30,2,4,True,in_stock,0.704
49,1003,KEL009,2024-06-30,3,6,False,in_stock,0.452
50,1003,KEL010,2024-06-30,5,6,True,in_stock,0.678
51,1003,KEL011,2024-06-30,3,4,True,in_stock,0.787
52,1003,KEL012,2024-06-30,3,4,True,in_stock,0.772
53,1003,KEL013,2024-06-30,3,4,True,out_of_stock,0.927
54,1003,KEL014,2024-06-30,5,6,True,in_stock,0.929
55,1003,KEL015,2024-06-30,5,8,False,out_of_stock,0.743
56,1003,KEL016,2024-06-30,7,8,True,in_stock,0.819
57,1003,KEL017,2024-06-30,3,4,True,in_stock,0.615
58,1003,KEL018,2024-06-30,3,6,True,in_stock,0.557
59,1003,KEL019,2024-06-30,6,8,False,in_stock,0.773
60,1003,KEL020,2024-06-30,7,8,True,in_stock,0.823
61,1004,KEL001,2024-06-30,4,4,True,in_stock,0.888
62,1004,KEL002,2024-06-30,4,6,False,out_of_stock,0.602
63,1004,KEL003,2024-06-30,4,6,False,out_of_stock,0.643
64,1004,KEL004,2024-06-30,5,6,False,in_stock,0.952
65,1004,KEL005,2024-06-30,4,6,False,in_stock,0.701
66,1004,KEL006,2024-06-30,7,8,False,in_stock,0.794
67,1004,KEL007,2024-06-30,5,6,True,in_stock,0.884
68,1004,KEL008,2024-06-30,3,4,False,in_stock,0.522
69,1004,KEL009,2024-06-30,5,8,False,in_stock,0.624
70,1004,KEL010,2024-06-30,3,4,True,in_stock,0.905
71,1004,KEL011,2024-06-30,4,6,True,in_stock,0.698
72,1004,KEL012,2024-06-30,3,4,True,in_stock,0.75
73,1004,KEL013,2024-06-30,3,4,False,in_stock,0.771
74,1004,KEL014,2024-06-30,4,4,True,in_stock,0.822
75,1004,KEL015,2024-06-30,0,4,True,in_stock,0.175
76,1004,KEL016,2024-06-30,3,4,True,in_stock,0.701
77,1004,KEL017,2024-06-30,4,4,True,in_stock,0.92
78,1004,KEL018,2024-06-30,5,6,True,in_stock,0.913
79,1004,KEL019,2024-06-30,8,8,True,in_stock,0.958
80,1004,KEL020,2024-06-30,3,4,True,in_stock,0.733
81,1005,KEL001,2024-06-30,4,8,False,in_stock,0.441
82,1005,KEL002,2024-06-30,7,8,True,out_of_stock,0.902
83,1005,KEL003,2024-06-30,3,4,True,in_stock,0.744
84,1005,KEL004,2024-06-30,4,4,True,in_stock,0.786
85,1005,KEL005,2024-06-30,3,4,False,in_stock,0.789
86,1005,KEL006,2024-06-30,3,4,True,in_stock,0.638
87,1005,KEL007,2024-06-30,7,8,True,in_stock,0.911
88,1005,KEL008,2024-06-30,8,8,True,in_stock,0.914
89,1005,KEL009,2024-06-30,2,8,False,in_stock,0.219
90,1005,KEL010,2024-06-30,3,8,False,out_of_stock,0.439
91,1005,KEL011,2024-06-30,6,6,True,in_stock,0.791
92,1005,KEL012,2024-06-30,6,8,False,in_stock,0.76
93,1005,KEL013,2024-06-30,5,6,True,in_stock,0.856
94,1005,KEL014,2024-06-30,3,6,True,out_of_stock,0.571
95,1005,KEL015,2024-06-30,3,4,True,in_stock,0.663
96,1005,KEL016,2024-06-30,6,6,True,in_stock,0.971
97,1005,KEL017,2024-06-30,2,8,False,in_stock,0.353
98,1005,KEL018,2024-06-30,5,8,True,in_stock,0.627
99,1005,KEL019,2024-06-30,2,6,False,in_stock,0.224
100,1005,KEL020,2024-06-30,2,4,True,in_stock,0.661
101,1006,KEL001,2024-06-30,5,6,True,in_stock,0.803
102,1006,KEL002,2024-06-30,3,6,True,in_stock,0.585
103,1006,KEL003,2024-06-30,6,8,True,out_of_stock,0.721
104,1006,KEL004,2024-06-30,5,6,True,in_stock,0.959
105,1006,KEL005,2024-06-30,2,4,True,in_stock,0.734
106,1006,KEL006,2024-06-30,1,8,False,in_stock,0.204
107,1006,KEL007,2024-06-30,4,6,False,in_stock,0.673
108,1006,KEL008,2024-06-30,4,4,True,in_stock,0.692
109,1006,KEL009,2024-06-30,3,4,True,in_stock,0.654
110,1006,KEL010,2024-06-30,5,6,True,in_stock,0.773
111,1006,KEL011,2024-06-30,4,4,True,in_stock,0.969
112,1006,KEL012,2024-06-30,3,4,True,in_stock,0.743
113,1006,KEL013,2024-06-30,3,6,False,in_stock,0.603
114,1006,KEL014,2024-06-30,3,4,False,in_stock,0.622
115,1006,KEL015,2024-06-30,2,4,False,in_stock,0.61
116,1006,KEL016,2024-06-30,5,8,True,in_stock,0.615
117,1006,KEL017,2024-06-30,6,6,True,in_stock,0.828
118,1006,KEL018,2024-06-30,8,8,True,in_stock,0.909
119,1006,KEL019,2024-06-30,5,6,True,in_stock,0.869
120,1006,KEL020,2024-06-30,7,8,False,out_of_stock,0.88
121,1007,KEL001,2024-06-30,3,4,True,in_stock,0.697
122,1007,KEL002,2024-06-30,6,6,True,in_stock,0.882
123,1007,KEL003,2024-06-30,1,4,False,in_stock,0.304
124,1007,KEL004,2024-06-30,3,4,True,in_stock,0.766
125,1007,KEL005,2024-06-30,3,4,True,in_stock,0.709
126,1007,KEL006,2024-06-30,1,6,True,in_stock,0.144
127,1007,KEL007,2024-06-30,4,6,True,in_stock,0.818
128,1007,KEL008,2024-06-30,3,4,True,in_stock,0.78
129,1007,KEL009,2024-06-30,5,6,True,in_stock,0.766
130,1007,KEL010,2024-06-30,0,6,False,in_stock,0.075
131,1007,KEL011,2024-06-30,3,4,True,in_stock,0.475
132,1007,KEL012,2024-06-30,6,8,True,in_stock,0.749
133,1007,KEL013,2024-06-30,6,8,True,in_stock,0.852
134,1007,KEL014,2024-06-30,3,4,True,in_stock,0.67
135,1007,KEL015,2024-06-30,5,8,True,out_of_stock,0.752
136,1007,KEL016,2024-06-30,7,8,True,in_stock,0.875
137,1007,KEL017,2024-06-30,4,6,True,in_stock,0.771
138,1007,KEL018,2024-06-30,7,8,True,in_stock,0.909
139,1007,KEL019,2024-06-30,6,8,True,in_stock,0.767
140,1007,KEL020,2024-06-30,4,6,False,in_stock,0.743
141,1008,KEL001,2024-06-30,4,6,True,in_stock,0.709
142,1008,KEL002,2024-06-30,2,4,True,out_of_stock,0.863
143,1008,KEL003,2024-06-30,4,6,True,in_stock,0.824
144,1008,KEL004,2024-06-30,5,6,True,in_stock,0.882
145,1008,KEL005,2024-06-30,1,6,False,in_stock,0.221
146,1008,KEL006,2024-06-30,7,8,True,in_stock,0.96
147,1008,KEL007,2024-06-30,4,8,True,in_stock,0.54
148,1008,KEL008,2024-06-30,2,8,False,in_stock,0.167
149,1008,KEL009,2024-06-30,6,8,True,in_stock,0.763
150,1008,KEL010,2024-06-30,5,6,False,in_stock,0.668
151,1008,KEL011,2024-06-30,2,4,False,in_stock,0.301
152,1008,KEL012,2024-06-30,3,8,True,in_stock,0.389
153,1008,KEL013,2024-06-30,3,4,True,in_stock,0.887
154,1008,KEL014,2024-06-30,3,4,False,in_stock,0.685
155,1008,KEL015,2024-06-30,3,6,True,out_of_stock,0.395
156,1008,KEL016,2024-06-30,4,6,True,out_of_stock,0.552
157,1008,KEL017,2024-06-30,5,6,True,out_of_stock,0.912
158,1008,KEL018,2024-06-30,5,6,True,in_stock,0.771
159,1008,KEL019,2024-06-30,3,6,False,in_stock,0.385
160,1008,KEL020,2024-06-30,6,6,True,in_stock,0.88
161,1009,KEL001,2024-06-30,4,6,True,in_stock,0.918
162,1009,KEL002,2024-06-30,6,6,True,in_stock,0.91
163,1009,KEL003,2024-06-30,2,8,False,out_of_stock,0.292
164,1009,KEL004,2024-06-30,8,8,True,in_stock,0.857
165,1009,KEL005,2024-06-30,5,6,True,in_stock,0.812
166,1009,KEL006,2024-06-30,2,4,False,in_stock,0.737
167,1009,KEL007,2024-06-30,2,6,False,in_stock,0.192
168,1009,KEL008,2024-06-30,3,6,True,in_stock,0.45
169,1009,KEL009,2024-06-30,3,4,False,in_stock,0.861
170,1009,KEL010,2024-06-30,3,4,False,in_stock,0.77
171,1009,KEL011,2024-06-30,5,6,True,in_stock,0.845
172,1009,KEL012,2024-06-30,3,4,True,out_of_stock,0.758
173,1009,KEL013,2024-06-30,2,4,True,out_of_stock,0.556
174,1009,KEL014,2024-06-30,3,4,True,in_stock,0.705
175,1009,KEL015,2024-06-30,4,6,False,out_of_stock,0.587
176,1009,KEL016,2024-06-30,1,6,True,in_stock,0.062
177,1009,KEL017,2024-06-30,3,4,True,in_stock,0.61
178,1009,KEL018,2024-06-30,6,8,False,in_stock,0.634
179,1009,KEL019,2024-06-30,6,6,True,in_stock,0.935
180,1009,KEL020,2024-06-30,4,4,True,in_stock,0.788
181,1010,KEL001,2024-06-30,7,8,True,in_stock,0.698
182,1010,KEL002,2024-06-30,6,8,False,in_stock,0.714
183,1010,KEL003,2024-06-30,7,8,True,in_stock,0.954
184,1010,KEL004,2024-06-30,7,8,True,in_stock,0.822
185,1010,KEL005,2024-06-30,5,8,True,in_stock,0.753
186,1010,KEL006,2024-06-30,7,8,True,in_stock,0.873
187,1010,KEL007,2024-06-30,6,8,True,in_stock,0.85
188,1010,KEL008,2024-06-30,6,8,True,in_stock,0.778
189,1010,KEL009,2024-06-30,4,8,False,out_of_stock,0.541
190,1010,KEL010,2024-06-30,5,6,True,in_stock,0.931
191,1010,KEL011,2024-06-30,4,8,True,out_of_stock,0.575
192,1010,KEL012,2024-06-30,6,8,True,in_stock,0.843
193,1010,KEL013,2024-06-30,5,6,True,in_stock,0.942
194,1010,KEL014,2024-06-30,5,8,False,in_stock,0.639
195,1010,KEL015,2024-06-30,6,6,True,in_stock,0.838
196,1010,KEL016,2024-06-30,1,6,True,in_stock,0.373
197,1010,KEL017,2024-06-30,4,8,True,out_of_stock,0.556
198,1010,KEL018,2024-06-30,3,4,True,in_stock,0.67
199,1010,KEL019,2024-06-30,8,8,False,out_of_stock,0.966
200,1010,KEL020,2024-06-30,3,4,True,out_of_stock,0.645
201,1011,KEL001,2024-06-30,4,6,True,in_stock,0.575
202,1011,KEL002,2024-06-30,3,6,True,in_stock,0.565
203,1011,KEL003,2024-06-30,1,4,False,in_stock,0.354
204,1011,KEL004,2024-06-30,4,4,True,in_stock,0.825
205,1011,KEL005,2024-06-30,7,8,True,in_stock,0.89
206,1011,KEL006,2024-06-30,0,6,False,in_stock,0.064
207,1011,KEL007,2024-06-30,6,6,True,in_stock,0.965
208,1011,KEL008,2024-06-30,3,6,True,in_stock,0.633
209,1011,KEL009,2024-06-30,4,8,True,in_stock,0.609
210,1011,KEL010,2024-06-30,6,8,True,in_stock,0.831
211,1011,KEL011,2024-06-30,5,8,False,in_stock,0.665
212,1011,KEL012,2024-06-30,2,4,True,in_stock,0.725
213,1011,KEL013,2024-06-30,4,4,True,in_stock,0.956
214,1011,KEL014,2024-06-30,6,8,True,in_stock,0.819
215,1011,KEL015,2024-06-30,5,6,True,in_stock,0.651
216,1011,KEL016,2024-06-30,1,4,False,in_stock,0.327
217,1011,KEL017,2024-06-30,6,8,False,in_stock,0.674
218,1011,KEL018,2024-06-30,3,4,False,in_stock,0.788
219,1011,KEL019,2024-06-30,2,4,False,in_stock,0.677
220,1011,KEL020,2024-06-30,2,4,False,in_stock,0.504
221,1012,KEL001,2024-06-30,2,4,True,in_stock,0.716
222,1012,KEL002,2024-06-30,3,4,True,in_stock,0.778
223,1012,KEL003,2024-06-30,3,6,False,in_stock,0.533
224,1012,KEL004,2024-06-30,6,6,True,in_stock,0.921
225,1012,KEL005,2024-06-30,4,6,True,in_stock,0.84
226,1012,KEL006,2024-06-30,2,8,True,in_stock,0.382
227,1012,KEL007,2024-06-30,5,6,True,in_stock,0.731
228,1012,KEL008,2024-06-30,2,4,False,in_stock,0.677
229,1012,KEL009,2024-06-30,5,8,True,out_of_stock,0.711
230,1012,KEL010,2024-06-30,3,4,True,in_stock,0.874
231,1012,KEL011,2024-06-30,4,6,True,in_stock,0.641
232,1012,KEL012,2024-06-30,2,4,True,in_stock,0.673
233,1012,KEL013,2024-06-30,8,8,True,out_of_stock,0.851
234,1012,KEL014,2024-06-30,3,4,True,in_stock,0.664
235,1012,KEL015,2024-06-30,4,4,True,in_stock,0.943
236,1012,KEL016,2024-06-30,8,8,True,in_stock,0.924
237,1012,KEL017,2024-06-30,6,8,True,in_stock,0.617
238,1012,KEL018,2024-06-30,6,8,False,in_stock,0.838
239,1012,KEL019,2024-06-30,3,6,False,in_stock,0.728
240,1012,KEL020,2024-06-30,5,6,True,in_stock,0.834
241,1013,KEL001,2024-06-30,3,4,True,in_stock,0.961
242,1013,KEL002,2024-06-30,4,6,True,in_stock,0.628
243,1013,KEL003,2024-06-30,3,4,True,in_stock,0.663
244,1013,KEL004,2024-06-30,3,4,True,in_stock,0.766
245,1013,KEL005,2024-06-30,7,8,True,in_stock,0.777
246,1013,KEL006,2024-06-30,5,6,True,in_stock,0.881
247,1013,KEL007,2024-06-30,2,4,True,in_stock,0.45
248,1013,KEL008,2024-06-30,2,6,False,in_stock,0.243
249,1013,KEL009,2024-06-30,1,4,False,in_stock,0.432
250,1013,KEL010,2024-06-30,6,6,True,in_stock,0.789
251,1013,KEL011,2024-06-30,4,4,False,in_stock,0.644
252,1013,KEL012,2024-06-30,4,4,True,in_stock,0.867
253,1013,KEL013,2024-06-30,4,8,True,in_stock,0.415
254,1013,KEL014,2024-06-30,3,4,False,in_stock,0.65
255,1013,KEL015,2024-06-30,5,6,True,out_of_stock,0.89
256,1013,KEL016,2024-06-30,2,4,True,in_stock,0.724
257,1013,KEL017,2024-06-30,5,6,True,in_stock,0.798
258,1013,KEL018,2024-06-30,5,6,False,out_of_stock,0.638
259,1013,KEL019,2024-06-30,3,8,False,in_stock,0.392
260,1013,KEL020,2024-06-30,3,6,False,in_stock,0.522
261,1014,KEL001,2024-06-30,5,8,True,in_stock,0.652
262,1014,KEL002,2024-06-30,8,8,True,in_stock,0.978
263,1014,KEL003,2024-06-30,5,6,True,in_stock,0.829
264,1014,KEL004,2024-06-30,6,8,True,in_stock,0.958
265,1014,KEL005,2024-06-30,7,8,True,in_stock,0.962
266,1014,KEL006,2024-06-30,4,6,True,in_stock,0.505
267,1014,KEL007,2024-06-30,1,6,True,out_of_stock,0.318
268,1014,KEL008,2024-06-30,5,6,True,in_stock,0.926
269,1014,KEL009,2024-06-30,5,8,True,in_stock,0.687
270,1014,KEL010,2024-06-30,4,4,True,in_stock,0.853
271,1014,KEL011,2024-06-30,2,4,True,in_stock,0.686
272,1014,KEL012,2024-06-30,5,6,True,in_stock,0.867
273,1014,KEL013,2024-06-30,5,6,True,in_stock,0.827
274,1014,KEL014,2024-06-30,1,4,False,in_stock,0.257
275,1014,KEL015,2024-06-30,4,4,True,in_stock,0.89
276,1014,KEL016,2024-06-30,8,8,True,in_stock,0.971
277,1014,KEL017,2024-06-30,4,4,True,in_stock,0.858
278,1014,KEL018,2024-06-30,2,6,False,out_of_stock,0.31
279,1014,KEL019,2024-06-30,2,4,False,in_stock,0.438
280,1014,KEL020,2024-06-30,7,6,True,in_stock,0.976
281,1015,KEL001,2024-06-30,5,8,True,in_stock,0.724
282,1015,KEL002,2024-06-30,4,6,True,in_stock,0.793
283,1015,KEL003,2024-06-30,3,4,False,in_stock,0.747
284,1015,KEL004,2024-06-30,7,8,True,in_stock,0.889
285,1015,KEL005,2024-06-30,4,4,True,in_stock,0.977
286,1015,KEL006,2024-06-30,5,8,True,in_stock,0.727
287,1015,KEL007,2024-06-30,8,8,True,in_stock,0.837
288,1015,KEL008,2024-06-30,8,8,True,in_stock,0.906
289,1015,KEL009,2024-06-30,5,6,False,in_stock,0.787
290,1015,KEL010,2024-06-30,6,8,True,in_stock,0.835
291,1015,KEL011,2024-06-30,2,4,False,in_stock,0.83
292,1015,KEL012,2024-06-30,3,4,True,in_stock,0.734
293,1015,KEL013,2024-06-30,5,6,True,in_stock,0.805
294,1015,KEL014,2024-06-30,7,8,True,in_stock,0.805
295,1015,KEL015,2024-06-30,3,4,True,in_stock,0.83
296,1015,KEL016,2024-06-30,4,4,True,in_stock,0.949
297,1015,KEL017,2024-06-30,0,4,False,in_stock,0.072
298,1015,KEL018,2024-06-30,5,8,True,in_stock,0.662
299,1015,KEL019,2024-06-30,4,4,True,in_stock,0.907
300,1015,KEL020,2024-06-30,1,4,False,in_stock,0.414
301,1016,KEL001,2024-06-30,3,4,True,in_stock,0.886
302,1016,KEL002,2024-06-30,2,6,False,in_stock,0.396
303,1016,KEL003,2024-06-30,4,4,True,in_stock,0.953
304,1016,KEL004,2024-06-30,5,6,True,in_stock,0.96
305,1016,KEL005,2024-06-30,5,6,True,in_stock,0.792
306,1016,KEL006,2024-06-30,4,6,True,in_stock,0.752
307,1016,KEL007,2024-06-30,4,4,True,in_stock,0.798
308,1016,KEL008,2024-06-30,5,8,True,in_stock,0.626
309,1016,KEL009,2024-06-30,4,8,True,in_stock,0.487
310,1016,KEL010,2024-06-30,4,4,True,in_stock,0.808
311,1016,KEL011,2024-06-30,3,6,True,in_stock,0.644
312,1016,KEL012,2024-06-30,3,4,True,in_stock,0.655
313,1016,KEL013,2024-06-30,3,4,True,in_stock,0.803
314,1016,KEL014,2024-06-30,3,6,True,in_stock,0.575
315,1016,KEL015,2024-06-30,3,6,False,in_stock,0.433
316,1016,KEL016,2024-06-30,0,4,False,in_stock,0.033
317,1016,KEL017,2024-06-30,3,4,True,in_stock,0.821
318,1016,KEL018,2024-06-30,2,4,False,in_stock,0.519
319,1016,KEL019,2024-06-30,5,6,True,in_stock,0.723
320,1016,KEL020,2024-06-30,7,8,True,in_stock,0.723
321,1017,KEL001,2024-06-30,4,4,True,in_stock,0.891
322,1017,KEL002,2024-06-30,2,4,True,in_stock,0.618
323,1017,KEL003,2024-06-30,2,6,False,out_of_stock,0.279
324,1017,KEL004,2024-06-30,5,8,True,in_stock,0.716
325,1017,KEL005,2024-06-30,6,6,True,out_of_stock,0.924
326,1017,KEL006,2024-06-30,3,4,False,in_stock,0.721
327,1017,KEL007,2024-06-30,9,8,True,in_stock,0.933
328,1017,KEL008,2024-06-30,7,8,True,in_stock,0.916
329,1017,KEL009,2024-06-30,2,4,True,in_stock,0.669
330,1017,KEL010,2024-06-30,3,6,False,in_stock,0.671
331,1017,KEL011,2024-06-30,1,8,False,out_of_stock,0.202
332,1017,KEL012,2024-06-30,3,4,False,in_stock,0.921
333,1017,KEL013,2024-06-30,6,8,False,in_stock,0.716
334,1017,KEL014,2024-06-30,4,6,True,in_stock,0.775
335,1017,KEL015,2024-06-30,2,4,True,in_stock,0.664
336,1017,KEL016,2024-06-30,1,4,False,in_stock,0.202
337,1017,KEL017,2024-06-30,2,6,False,out_of_stock,0.51
338,1017,KEL018,2024-06-30,1,6,False,out_of_stock,0.18
339,1017,KEL019,2024-06-30,2,4,True,in_stock,0.537
340,1017,KEL020,2024-06-30,4,4,True,in_stock,0.934
341,1018,KEL001,2024-06-30,2,6,True,in_stock,0.366
342,1018,KEL002,2024-06-30,1,4,False,out_of_stock,0.304
343,1018,KEL003,2024-06-30,5,8,True,in_stock,0.396
344,1018,KEL004,2024-06-30,3,4,False,in_stock,0.614
345,1018,KEL005,2024-06-30,2,6,False,in_stock,0.289
346,1018,KEL006,2024-06-30,3,8,False,in_stock,0.327
347,1018,KEL007,2024-06-30,0,4,False,in_stock,0.125
348,1018,KEL008,2024-06-30,3,8,False,in_stock,0.448
349,1018,KEL009,2024-06-30,2,4,True,in_stock,0.371
350,1018,KEL010,2024-06-30,5,6,False,in_stock,0.645
351,1018,KEL011,2024-06-30,5,8,True,in_stock,0.695
352,1018,KEL012,2024-06-30,7,8,True,in_stock,0.881
353,1018,KEL013,2024-06-30,3,4,False,in_stock,0.695
354,1018,KEL014,2024-06-30,2,4,False,in_stock,0.612
355,1018,KEL015,2024-06-30,3,6,True,in_stock,0.575
356,1018,KEL016,2024-06-30,6,8,True,in_stock,0.78
357,1018,KEL017,2024-06-30,3,6,False,in_stock,0.406
358,1018,KEL018,2024-06-30,4,6,True,in_stock,0.737
359,1018,KEL019,2024-06-30,3,4,True,in_stock,0.718
360,1018,KEL020,2024-06-30,3,4,True,in_stock,0.689
361,1019,KEL001,2024-06-30,7,8,False,in_stock,0.766
362,1019,KEL002,2024-06-30,2,4,True,out_of_stock,0.594
363,1019,KEL003,2024-06-30,5,6,True,in_stock,0.784
364,1019,KEL004,2024-06-30,2,4,True,in_stock,0.809
365,1019,KEL005,2024-06-30,6,6,True,in_stock,0.964
366,1019,KEL006,2024-06-30,3,4,True,in_stock,0.89
367,1019,KEL007,2024-06-30,3,4,True,in_stock,0.981
368,1019,KEL008,2024-06-30,3,4,True,in_stock,0.825
369,1019,KEL009,2024-06-30,2,6,False,in_stock,0.387
370,1019,KEL010,2024-06-30,4,4,True,in_stock,0.941
371,1019,KEL011,2024-06-30,4,4,False,in_stock,0.821
372,1019,KEL012,2024-06-30,5,6,True,in_stock,0.859
373,1019,KEL013,2024-06-30,6,6,True,in_stock,0.908
374,1019,KEL014,2024-06-30,7,8,True,out_of_stock,0.886
375,1019,KEL015,2024-06-30,5,8,True,in_stock,0.648
376,1019,KEL016,2024-06-30,3,6,True,in_stock,0.466
377,1019,KEL017,2024-06-30,4,4,True,in_stock,0.816
378,1019,KEL018,2024-06-30,3,4,True,in_stock,0.843
379,1019,KEL019,2024-06-30,2,6,False,in_stock,0.331
380,1019,KEL020,2024-06-30,7,8,True,in_stock,0.947
381,1020,KEL001,2024-06-30,3,4,True,out_of_stock,0.582
382,1020,KEL002,2024-06-30,6,6,True,in_stock,0.878
383,1020,KEL003,2024-06-30,4,6,True,in_stock,0.772
384,1020,KEL004,2024-06-30,5,8,True,out_of_stock,0.679
385,1020,KEL005,2024-06-30,6,8,True,in_stock,0.739
386,1020,KEL006,2024-06-30,1,4,False,in_stock,0.366
387,1020,KEL007,2024-06-30,4,6,True,in_stock,0.708
388,1020,KEL008,2024-06-30,5,6,True,out_of_stock,0.805
389,1020,KEL009,2024-06-30,4,4,True,in_stock,0.821
390,1020,KEL010,2024-06-30,3,4,True,in_stock,0.892
391,1020,KEL011,2024-06-30,8,8,True,in_stock,0.951
392,1020,KEL012,2024-06-30,3,4,True,in_stock,0.743
393,1020,KEL013,2024-06-30,2,4,False,in_stock,0.483
394,1020,KEL014,2024-06-30,5,6,True,in_stock,0.901
395,1020,KEL015,2024-06-30,7,8,True,in_stock,0.95
396,1020,KEL016,2024-06-30,0,4,False,in_stock,0.03
397,1020,KEL017,2024-06-30,3,6,False,out_of_stock,0.556
398,1020,KEL018,2024-06-30,6,8,True,in_stock,0.888
399,1020,KEL019,2024-06-30,6,6,True,in_stock,0.946
400,1020,KEL020,2024-06-30,6,8,True,in_stock,0.734
401,1021,KEL001,2024-06-30,5,8,True,in_stock,0.54
402,1021,KEL002,2024-06-30,6,8,True,in_stock,0.759
403,1021,KEL003,2024-06-30,7,8,True,in_stock,0.94
404,1021,KEL004,2024-06-30,3,4,True,in_stock,0.861
405,1021,KEL005,2024-06-30,4,8,True,in_stock,0.543
406,1021,KEL006,2024-06-30,5,8,False,in_stock,0.626
407,1021,KEL007,2024-06-30,4,4,True,in_stock,0.822
408,1021,KEL008,2024-06-30,3,4,True,in_stock,0.699
409,1021,KEL009,2024-06-30,6,8,True,in_stock,0.785
410,1021,KEL010,2024-06-30,6,8,True,in_stock,0.83
411,1021,KEL011,2024-06-30,8,8,True,in_stock,0.98
412,1021,KEL012,2024-06-30,7,8,True,in_stock,0.874
413,1021,KEL013,2024-06-30,4,8,True,out_of_stock,0.456
414,1021,KEL014,2024-06-30,3,6,True,in_stock,0.459
415,1021,KEL015,2024-06-30,0,4,False,out_of_stock,0.102
416,1021,KEL016,2024-06-30,4,4,True,in_stock,0.839
417,1021,KEL017,2024-06-30,5,8,True,in_stock,0.661
418,1021,KEL018,2024-06-30,3,4,True,in_stock,0.855
419,1021,KEL019,2024-06-30,3,4,True,in_stock,0.824
420,1021,KEL020,2024-06-30,6,6,False,in_stock,0.8
421,1022,KEL001,2024-06-30,4,6,True,in_stock,0.795
422,1022,KEL002,2024-06-30,6,6,True,in_stock,0.991
423,1022,KEL003,2024-06-30,6,8,True,in_stock,0.764
424,1022,KEL004,2024-06-30,3,4,False,in_stock,0.853
425,1022,KEL005,2024-06-30,6,8,True,in_stock,0.792
426,1022,KEL006,2024-06-30,6,6,True,in_stock,0.874
427,1022,KEL007,2024-06-30,1,4,False,out_of_stock,0.286
428,1022,KEL008,2024-06-30,3,4,True,in_stock,0.84
429,1022,KEL009,2024-06-30,9,8,True,in_stock,0.955
430,1022,KEL010,2024-06-30,5,8,False,in_stock,0.587
431,1022,KEL011,2024-06-30,1,6,False,in_stock,0.116
432,1022,KEL012,2024-06-30,6,8,True,in_stock,0.724
433,1022,KEL013,2024-06-30,5,8,True,in_stock,0.616
434,1022,KEL014,2024-06-30,5,6,False,in_stock,0.918
435,1022,KEL015,2024-06-30,2,4,False,out_of_stock,0.518
436,1022,KEL016,2024-06-30,7,8,True,in_stock,0.843
437,1022,KEL017,2024-06-30,3,4,True,in_stock,0.825
438,1022,KEL018,2024-06-30,3,4,True,in_stock,0.869
439,1022,KEL019,2024-06-30,2,4,False,in_stock,0.359
440,1022,KEL020,2024-06-30,3,4,True,in_stock,0.679
441,1023,KEL001,2024-06-30,7,8,True,in_stock,0.877
442,1023,KEL002,2024-06-30,7,8,False,in_stock,0.798
443,1023,KEL003,2024-06-30,4,6,False,in_stock,0.559
444,1023,KEL004,2024-06-30,6,8,False,in_stock,0.781
445,1023,KEL005,2024-06-30,3,4,True,in_stock,0.717
446,1023,KEL006,2024-06-30,4,4,True,in_stock,0.758
447,1023,KEL007,2024-06-30,3,4,True,in_stock,0.883
448,1023,KEL008,2024-06-30,3,4,True,in_stock,0.923
449,1023,KEL009,2024-06-30,1,6,True,in_stock,0.178
450,1023,KEL010,2024-06-30,3,4,True,in_stock,0.74
451,1023,KEL011,2024-06-30,3,8,True,in_stock,0.453
452,1023,KEL012,2024-06-30,2,4,True,out_of_stock,0.57
453,1023,KEL013,2024-06-30,6,8,True,in_stock,0.808
454,1023,KEL014,2024-06-30,4,4,True,in_stock,0.91
455,1023,KEL015,2024-06-30,5,8,True,in_stock,0.791
456,1023,KEL016,2024-06-30,6,8,True,in_stock,0.817
457,1023,KEL017,2024-06-30,4,6,False,in_stock,0.657
458,1023,KEL018,2024-06-30,8,8,True,in_stock,0.906
459,1023,KEL019,2024-06-30,6,8,True,in_stock,0.789
460,1023,KEL020,2024-06-30,5,8,True,out_of_stock,0.642
461,1024,KEL001,2024-06-30,5,6,True,in_stock,0.769
462,1024,KEL002,2024-06-30,8,8,True,in_stock,0.971
463,1024,KEL003,2024-06-30,7,8,True,in_stock,0.865
464,1024,KEL004,2024-06-30,7,8,True,in_stock,0.803
465,1024,KEL005,2024-06-30,4,6,True,out_of_stock,0.591
466,1024,KEL006,2024-06-30,2,8,False,out_of_stock,0.242
467,1024,KEL007,2024-06-30,6,8,True,in_stock,0.76
468,1024,KEL008,2024-06-30,2,4,False,in_stock,0.414
469,1024,KEL009,2024-06-30,5,6,True,in_stock,0.921
470,1024,KEL010,2024-06-30,4,4,False,in_stock,0.894
471,1024,KEL011,2024-06-30,5,6,True,in_stock,0.878
472,1024,KEL012,2024-06-30,5,8,True,in_stock,0.733
473,1024,KEL013,2024-06-30,5,6,True,in_stock,0.812
474,1024,KEL014,2024-06-30,3,4,False,in_stock,0.724
475,1024,KEL015,2024-06-30,1,4,False,in_stock,0.308
476,1024,KEL016,2024-06-30,4,4,True,in_stock,0.837
477,1024,KEL017,2024-06-30,3,6,False,out_of_stock,0.493
478,1024,KEL018,2024-06-30,2,4,False,out_of_stock,0.569
479,1024,KEL019,2024-06-30,0,6,False,in_stock,0.111
480,1024,KEL020,2024-06-30,5,6,True,in_stock,0.866
481,1025,KEL001,2024-06-30,4,6,True,in_stock,0.882
482,1025,KEL002,2024-06-30,3,8,True,in_stock,0.45
483,1025,KEL003,2024-06-30,3,4,True,in_stock,0.939
484,1025,KEL004,2024-06-30,5,6,True,in_stock,0.847
485,1025,KEL005,2024-06-30,5,8,True,in_stock,0.723
486,1025,KEL006,2024-06-30,2,8,False,in_stock,0.203
487,1025,KEL007,2024-06-30,5,8,True,in_stock,0.655
488,1025,KEL008,2024-06-30,3,6,True,in_stock,0.687
489,1025,KEL009,2024-06-30,1,4,False,in_stock,0.213
490,1025,KEL010,2024-06-30,7,8,True,in_stock,0.879
491,1025,KEL011,2024-06-30,7,8,False,in_stock,0.725
492,1025,KEL012,2024-06-30,2,4,False,out_of_stock,0.568
493,1025,KEL013,2024-06-30,3,4,True,in_stock,0.805
494,1025,KEL014,2024-06-30,4,8,True,in_stock,0.568
495,1025,KEL015,2024-06-30,5,8,True,out_of_stock,0.697
496,1025,KEL016,2024-06-30,7,8,True,in_stock,0.939
497,1025,KEL017,2024-06-30,4,8,False,out_of_stock,0.557
498,1025,KEL018,2024-06-30,5,8,True,in_stock,0.701
499,1025,KEL019,2024-06-30,3,6,True,in_stock,0.57
500,1025,KEL020,2024-06-30,2,4,False,in_stock,0.702
501,1026,KEL001,2024-06-30,4,4,True,in_stock,0.814
502,1026,KEL002,2024-06-30,3,4,True,out_of_stock,0.579
503,1026,KEL003,2024-06-30,3,4,True,in_stock,0.848
504,1026,KEL004,2024-06-30,6,6,False,in_stock,0.907
505,1026,KEL005,2024-06-30,5,8,False,in_stock,0.654
506,1026,KEL006,2024-06-30,3,4,True,in_stock,0.664
507,1026,KEL007,2024-06-30,2,4,True,in_stock,0.504
508,1026,KEL008,2024-06-30,3,6,True,in_stock,0.567
509,1026,KEL009,2024-06-30,7,8,True,in_stock,0.894
510,1026,KEL010,2024-06-30,5,8,False,in_stock,0.465
511,1026,KEL011,2024-06-30,4,6,True,in_stock,0.649
512,1026,KEL012,2024-06-30,2,4,True,in_stock,0.762
513,1026,KEL013,2024-06-30,2,4,False,in_stock,0.506
514,1026,KEL014,2024-06-30,5,6,True,in_stock,0.745
515,1026,KEL015,2024-06-30,4,6,True,in_stock,0.757
516,1026,KEL016,2024-06-30,3,4,True,in_stock,0.779
517,1026,KEL017,2024-06-30,5,6,True,in_stock,0.714
518,1026,KEL018,2024-06-30,1,4,False,in_stock,0.3
519,1026,KEL019,2024-06-30,4,4,True,in_stock,0.807
520,1026,KEL020,2024-06-30,3,4,True,in_stock,0.692
521,1027,KEL001,2024-06-30,4,4,True,in_stock,0.872
522,1027,KEL002,2024-06-30,8,8,True,in_stock,0.994
523,1027,KEL003,2024-06-30,2,4,False,in_stock,0.502
524,1027,KEL004,2024-06-30,3,4,True,in_stock,0.784
525,1027,KEL005,2024-06-30,5,6,True,in_stock,0.921
526,1027,KEL006,2024-06-30,7,6,True,in_stock,0.898
527,1027,KEL007,2024-06-30,5,6,True,in_stock,0.83
528,1027,KEL008,2024-06-30,3,6,True,in_stock,0.644
529,1027,KEL009,2024-06-30,2,6,True,in_stock,0.617
530,1027,KEL010,2024-06-30,3,4,True,in_stock,0.804
531,1027,KEL011,2024-06-30,7,8,True,in_stock,0.802
532,1027,KEL012,2024-06-30,3,4,True,in_stock,0.819
533,1027,KEL013,2024-06-30,5,6,True,in_stock,0.923
534,1027,KEL014,2024-06-30,3,8,False,in_stock,0.542
535,1027,KEL015,2024-06-30,4,4,True,in_stock,0.935
536,1027,KEL016,2024-06-30,2,4,False,in_stock,0.181
537,1027,KEL017,2024-06-30,8,8,True,in_stock,0.904
538,1027,KEL018,2024-06-30,0,4,True,in_stock,0.261
539,1027,KEL019,2024-06-30,3,4,True,in_stock,0.771
540,1027,KEL020,2024-06-30,4,8,True,out_of_stock,0.51
541,1028,KEL001,2024-06-30,6,8,False,in_stock,0.715
542,1028,KEL002,2024-06-30,2,6,True,in_stock,0.483
543,1028,KEL003,2024-06-30,3,6,False,in_stock,0.649
544,1028,KEL004,2024-06-30,5,8,True,in_stock,0.736
545,1028,KEL005,2024-06-30,5,8,True,in_stock,0.653
546,1028,KEL006,2024-06-30,3,4,True,in_stock,0.697
547,1028,KEL007,2024-06-30,4,6,True,in_stock,0.559
548,1028,KEL008,2024-06-30,1,4,True,in_stock,0.281
549,1028,KEL009,2024-06-30,6,8,True,in_stock,0.868
550,1028,KEL010,2024-06-30,3,6,False,in_stock,0.614
551,1028,KEL011,2024-06-30,5,8,True,in_stock,0.776
552,1028,KEL012,2024-06-30,5,8,True,in_stock,0.681
553,1028,KEL013,2024-06-30,4,6,True,in_stock,0.749
554,1028,KEL014,2024-06-30,4,4,True,in_stock,0.952
555,1028,KEL015,2024-06-30,2,6,False,out_of_stock,0.223
556,1028,KEL016,2024-06-30,2,4,True,in_stock,0.757
557,1028,KEL017,2024-06-30,2,4,False,in_stock,0.733
558,1028,KEL018,2024-06-30,4,4,True,in_stock,0.94
559,1028,KEL019,2024-06-30,5,6,True,in_stock,0.819
560,1028,KEL020,2024-06-30,3,4,True,in_stock,0.9
561,1029,KEL001,2024-06-30,4,4,True,in_stock,0.678
562,1029,KEL002,2024-06-30,6,8,True,in_stock,0.766
563,1029,KEL003,2024-06-30,6,8,False,in_stock,0.564
564,1029,KEL004,2024-06-30,4,4,True,in_stock,0.709
565,1029,KEL005,2024-06-30,3,4,False,in_stock,0.65
566,1029,KEL006,2024-06-30,1,6,False,in_stock,0.153
567,1029,KEL007,2024-06-30,3,4,False,in_stock,0.707
568,1029,KEL008,2024-06-30,6,8,False,in_stock,0.665
569,1029,KEL009,2024-06-30,6,6,True,in_stock,0.938
570,1029,KEL010,2024-06-30,4,8,False,in_stock,0.572
571,1029,KEL011,2024-06-30,5,6,True,in_stock,0.834
572,1029,KEL012,2024-06-30,4,6,True,in_stock,0.752
573,1029,KEL013,2024-06-30,4,4,False,in_stock,0.978
574,1029,KEL014,2024-06-30,2,4,True,in_stock,0.572
575,1029,KEL015,2024-06-30,2,6,False,in_stock,0.335
576,1029,KEL016,2024-06-30,3,4,True,in_stock,0.866
577,1029,KEL017,2024-06-30,4,8,False,in_stock,0.38
578,1029,KEL018,2024-06-30,7,8,True,in_stock,0.832
579,1029,KEL019,2024-06-30,1,6,False,in_stock,0.116
580,1029,KEL020,2024-06-30,8,8,True,in_stock,0.891
581,1030,KEL001,2024-06-30,3,4,True,in_stock,0.765
582,1030,KEL002,2024-06-30,7,8,True,in_stock,0.821
583,1030,KEL003,2024-06-30,4,6,True,in_stock,0.774
584,1030,KEL004,2024-06-30,5,6,True,in_stock,0.801
585,1030,KEL005,2024-06-30,2,4,False,out_of_stock,0.455
586,1030,KEL006,2024-06-30,2,4,True,out_of_stock,0.515
587,1030,KEL007,2024-06-30,4,4,True,in_stock,0.92
588,1030,KEL008,2024-06-30,1,4,True,in_stock,0.446
589,1030,KEL009,2024-06-30,3,4,True,in_stock,0.831
590,1030,KEL010,2024-06-30,3,6,True,in_stock,0.53
591,1030,KEL011,2024-06-30,5,8,True,in_stock,0.689
592,1030,KEL012,2024-06-30,5,8,False,in_stock,0.63
593,1030,KEL013,2024-06-30,7,8,True,out_of_stock,0.824
594,1030,KEL014,2024-06-30,4,4,True,in_stock,0.828
595,1030,KEL015,2024-06-30,5,6,True,in_stock,0.876
596,1030,KEL016,2024-06-30,3,4,False,in_stock,0.705
597,1030,KEL017,2024-06-30,4,6,True,in_stock,0.706
598,1030,KEL018,2024-06-30,7,8,True,in_stock,0.811
599,1030,KEL019,2024-06-30,7,8,True,in_stock,0.787
600,1030,KEL020,2024-06-30,2,4,True,in_stock,0.612
601,1031,KEL001,2024-06-30,0,4,False,out_of_stock,0.205
602,1031,KEL002,2024-06-30,6,8,True,in_stock,0.868
603,1031,KEL003,2024-06-30,2,6,False,out_of_stock,0.468
604,1031,KEL004,2024-06-30,1,4,False,in_stock,0.185
605,1031,KEL005,2024-06-30,6,6,True,in_stock,0.914
606,1031,KEL006,2024-06-30,4,6,True,in_stock,0.944
607,1031,KEL007,2024-06-30,7,8,True,in_stock,0.885
608,1031,KEL008,2024-06-30,3,4,True,in_stock,0.85
609,1031,KEL009,2024-06-30,1,8,False,in_stock,0.198
610,1031,KEL010,2024-06-30,4,6,True,in_stock,0.729
611,1031,KEL011,2024-06-30,5,8,False,in_stock,0.719
612,1031,KEL012,2024-06-30,5,8,True,out_of_stock,0.597
613,1031,KEL013,2024-06-30,2,4,False,out_of_stock,0.367
614,1031,KEL014,2024-06-30,3,6,True,out_of_stock,0.491
615,1031,KEL015,2024-06-30,1,4,True,in_stock,0.43
616,1031,KEL016,2024-06-30,7,8,True,in_stock,0.915
617,1031,KEL017,2024-06-30,3,4,False,in_stock,0.656
618,1031,KEL018,2024-06-30,2,4,True,out_of_stock,0.564
619,1031,KEL019,2024-06-30,0,4,False,out_of_stock,0.097
620,1031,KEL020,2024-06-30,3,4,True,in_stock,0.781
621,1032,KEL001,2024-06-30,2,4,True,in_stock,0.72
622,1032,KEL002,2024-06-30,0,8,False,out_of_stock,0.143
623,1032,KEL003,2024-06-30,6,6,True,in_stock,0.956
624,1032,KEL004,2024-06-30,5,6,True,in_stock,0.805
625,1032,KEL005,2024-06-30,5,6,True,in_stock,0.836
626,1032,KEL006,2024-06-30,5,8,True,in_stock,0.786
627,1032,KEL007,2024-06-30,4,6,True,in_stock,0.578
628,1032,KEL008,2024-06-30,8,8,True,in_stock,0.952
629,1032,KEL009,2024-06-30,4,8,False,out_of_stock,0.731
630,1032,KEL010,2024-06-30,3,4,True,in_stock,0.627
631,1032,KEL011,2024-06-30,7,8,False,in_stock,0.753
632,1032,KEL012,2024-06-30,5,8,False,in_stock,0.566
633,1032,KEL013,2024-06-30,4,6,True,in_stock,0.707
634,1032,KEL014,2024-06-30,4,4,True,in_stock,0.919
635,1032,KEL015,2024-06-30,2,6,False,in_stock,0.167
636,1032,KEL016,2024-06-30,5,6,True,in_stock,0.805
637,1032,KEL017,2024-06-30,5,8,True,in_stock,0.716
638,1032,KEL018,2024-06-30,4,4,True,in_stock,0.884
639,1032,KEL019,2024-06-30,3,4,True,in_stock,0.732
640,1032,KEL020,2024-06-30,6,8,True,in_stock,0.779
641,1033,KEL001,2024-06-30,3,4,True,in_stock,0.79
642,1033,KEL002,2024-06-30,3,4,True,in_stock,0.683
643,1033,KEL003,2024-06-30,3,4,True,in_stock,0.882
644,1033,KEL004,2024-06-30,6,8,True,in_stock,0.727
645,1033,KEL005,2024-06-30,1,4,False,out_of_stock,0.09
646,1033,KEL006,2024-06-30,5,6,False,in_stock,0.792
647,1033,KEL007,2024-06-30,4,6,True,in_stock,0.623
648,1033,KEL008,2024-06-30,2,4,False,in_stock,0.152
649,1033,KEL009,2024-06-30,7,8,True,in_stock,0.822
650,1033,KEL010,2024-06-30,4,4,True,in_stock,0.824
651,1033,KEL011,2024-06-30,1,4,False,in_stock,0.299
652,1033,KEL012,2024-06-30,3,8,True,out_of_stock,0.384
653,1033,KEL013,2024-06-30,5,8,True,in_stock,0.746
654,1033,KEL014,2024-06-30,2,6,True,in_stock,0.255
655,1033,KEL015,2024-06-30,2,8,False,in_stock,0.315
656,1033,KEL016,2024-06-30,2,4,True,in_stock,0.65
657,1033,KEL017,2024-06-30,1,4,True,in_stock,0.507
658,1033,KEL018,2024-06-30,8,8,True,in_stock,0.985
659,1033,KEL019,2024-06-30,4,8,True,in_stock,0.496
660,1033,KEL020,2024-06-30,1,4,False,in_stock,0.65
661,1034,KEL001,2024-06-30,3,6,False,in_stock,0.563
662,1034,KEL002,2024-06-30,2,4,True,in_stock,0.711
663,1034,KEL003,2024-06-30,5,8,True,in_stock,0.752
664,1034,KEL004,2024-06-30,6,6,True,in_stock,0.883
665,1034,KEL005,2024-06-30,4,4,True,in_stock,0.964
666,1034,KEL006,2024-06-30,3,4,True,in_stock,0.815
667,1034,KEL007,2024-06-30,7,8,True,in_stock,0.919
668,1034,KEL008,2024-06-30,3,4,True,in_stock,0.55
669,1034,KEL009,2024-06-30,4,6,True,in_stock,0.542
670,1034,KEL010,2024-06-30,1,4,True,in_stock,0.228
671,1034,KEL011,2024-06-30,3,6,False,in_stock,0.574
672,1034,KEL012,2024-06-30,5,6,True,in_stock,0.679
673,1034,KEL013,2024-06-30,4,6,False,in_stock,0.73
674,1034,KEL014,2024-06-30,2,8,False,in_stock,0.168
675,1034,KEL015,2024-06-30,3,4,True,in_stock,0.939
676,1034,KEL016,2024-06-30,5,8,True,in_stock,0.652
677,1034,KEL017,2024-06-30,0,8,False,in_stock,0.116
678,1034,KEL018,2024-06-30,4,4,True,in_stock,0.792
679,1034,KEL019,2024-06-30,8,8,True,in_stock,0.981
680,1034,KEL020,2024-06-30,4,6,False,in_stock,0.701
681,1035,KEL001,2024-06-30,4,8,True,in_stock,0.555
682,1035,KEL002,2024-06-30,6,8,True,in_stock,0.775
683,1035,KEL003,2024-06-30,5,8,True,in_stock,0.732
684,1035,KEL004,2024-06-30,3,6,False,in_stock,0.565
685,1035,KEL005,2024-06-30,4,6,True,in_stock,0.647
686,1035,KEL006,2024-06-30,3,4,True,in_stock,0.843
687,1035,KEL007,2024-06-30,4,4,True,in_stock,0.914
688,1035,KEL008,2024-06-30,4,4,True,in_stock,0.928
689,1035,KEL009,2024-06-30,3,4,True,in_stock,0.811
690,1035,KEL010,2024-06-30,3,8,True,out_of_stock,0.337
691,1035,KEL011,2024-06-30,3,4,True,in_stock,0.917
692,1035,KEL012,2024-06-30,4,6,True,in_stock,0.78
693,1035,KEL013,2024-06-30,5,8,True,in_stock,0.712
694,1035,KEL014,2024-06-30,5,6,True,in_stock,0.831
695,1035,KEL015,2024-06-30,8,8,True,in_stock,0.907
696,1035,KEL016,2024-06-30,3,6,False,out_of_stock,0.556
697,1035,KEL017,2024-06-30,5,6,False,in_stock,0.822
698,1035,KEL018,2024-06-30,3,4,False,in_stock,0.878
699,1035,KEL019,2024-06-30,3,4,True,in_stock,0.87
700,1035,KEL020,2024-06-30,4,4,True,in_stock,0.753
701,1036,KEL001,2024-06-30,4,4,True,in_stock,0.651
702,1036,KEL002,2024-06-30,2,6,False,out_of_stock,0.302
703,1036,KEL003,2024-06-30,5,8,False,in_stock,0.532
704,1036,KEL004,2024-06-30,4,4,True,in_stock,0.97
705,1036,KEL005,2024-06-30,0,8,False,in_stock,0.082
706,1036,KEL006,2024-06-30,6,6,True,out_of_stock,0.888
707,1036,KEL007,2024-06-30,5,6,True,out_of_stock,0.881
708,1036,KEL008,2024-06-30,2,6,False,in_stock,0.464
709,1036,KEL009,2024-06-30,2,4,True,in_stock,0.47
710,1036,KEL010,2024-06-30,3,4,True,out_of_stock,0.559
711,1036,KEL011,2024-06-30,7,8,True,in_stock,0.873
712,1036,KEL012,2024-06-30,5,6,True,in_stock,0.74
713,1036,KEL013,2024-06-30,6,8,True,in_stock,0.8
714,1036,KEL014,2024-06-30,5,6,True,in_stock,0.843
715,1036,KEL015,2024-06-30,5,6,True,in_stock,0.867
716,1036,KEL016,2024-06-30,4,4,True,in_stock,0.706
717,1036,KEL017,2024-06-30,6,8,True,in_stock,0.853
718,1036,KEL018,2024-06-30,8,8,True,in_stock,0.93
719,1036,KEL019,2024-06-30,5,6,True,in_stock,0.748
720,1036,KEL020,2024-06-30,4,6,True,in_stock,0.579
721,1037,KEL001,2024-06-30,5,6,True,in_stock,0.935
722,1037,KEL002,2024-06-30,7,8,True,in_stock,0.938
723,1037,KEL003,2024-06-30,2,4,True,in_stock,0.808
724,1037,KEL004,2024-06-30,0,8,True,in_stock,0.062
725,1037,KEL005,2024-06-30,4,4,True,in_stock,0.955
726,1037,KEL006,2024-06-30,6,8,True,in_stock,0.701
727,1037,KEL007,2024-06-30,4,4,True,in_stock,0.894
728,1037,KEL008,2024-06-30,6,8,True,in_stock,0.725
729,1037,KEL009,2024-06-30,2,4,False,in_stock,0.495
730,1037,KEL010,2024-06-30,4,4,True,in_stock,0.876
731,1037,KEL011,2024-06-30,5,6,True,in_stock,0.867
732,1037,KEL012,2024-06-30,5,6,True,in_stock,0.73
733,1037,KEL013,2024-06-30,3,6,False,in_stock,0.676
734,1037,KEL014,2024-06-30,2,4,False,in_stock,0.632
735,1037,KEL015,2024-06-30,4,4,True,in_stock,0.996
736,1037,KEL016,2024-06-30,5,6,True,in_stock,0.608
737,1037,KEL017,2024-06-30,6,8,True,in_stock,0.846
738,1037,KEL018,2024-06-30,2,6,True,in_stock,0.355
739,1037,KEL019,2024-06-30,3,4,True,in_stock,0.59
740,1037,KEL020,2024-06-30,1,6,False,in_stock,0.274
741,1038,KEL001,2024-06-30,1,6,False,in_stock,0.094
742,1038,KEL002,2024-06-30,4,8,True,out_of_stock,0.526
743,1038,KEL003,2024-06-30,6,8,True,in_stock,0.693
744,1038,KEL004,2024-06-30,4,6,True,in_stock,0.673
745,1038,KEL005,2024-06-30,2,4,False,out_of_stock,0.479
746,1038,KEL006,2024-06-30,6,8,True,in_stock,0.728
747,1038,KEL007,2024-06-30,6,8,True,in_stock,0.592
748,1038,KEL008,2024-06-30,4,6,True,in_stock,0.73
749,1038,KEL009,2024-06-30,7,8,True,in_stock,0.779
750,1038,KEL010,2024-06-30,1,4,False,in_stock,0.408
751,1038,KEL011,2024-06-30,2,8,False,out_of_stock,0.275
752,1038,KEL012,2024-06-30,5,8,True,in_stock,0.7
753,1038,KEL013,2024-06-30,1,6,False,in_stock,0.206
754,1038,KEL014,2024-06-30,7,8,True,in_stock,0.79
755,1038,KEL015,2024-06-30,6,8,True,in_stock,0.752
756,1038,KEL016,2024-06-30,4,4,True,in_stock,0.933
757,1038,KEL017,2024-06-30,4,6,False,in_stock,0.632
758,1038,KEL018,2024-06-30,4,6,True,in_stock,0.696
759,1038,KEL019,2024-06-30,3,4,False,in_stock,0.773
760,1038,KEL020,2024-06-30,7,8,True,in_stock,0.912
761,1039,KEL001,2024-06-30,4,6,True,in_stock,0.797
762,1039,KEL002,2024-06-30,7,8,True,in_stock,0.929
763,1039,KEL003,2024-06-30,8,8,True,in_stock,0.907
764,1039,KEL004,2024-06-30,4,4,True,out_of_stock,0.777
765,1039,KEL005,2024-06-30,5,6,True,in_stock,0.917
766,1039,KEL006,2024-06-30,5,6,True,in_stock,0.637
767,1039,KEL007,2024-06-30,3,6,True,in_stock,0.279
768,1039,KEL008,2024-06-30,3,4,False,in_stock,0.696
769,1039,KEL009,2024-06-30,4,6,True,in_stock,0.57
770,1039,KEL010,2024-06-30,4,8,False,in_stock,0.59
771,1039,KEL011,2024-06-30,3,4,True,in_stock,0.792
772,1039,KEL012,2024-06-30,5,6,True,in_stock,0.76
773,1039,KEL013,2024-06-30,6,6,True,in_stock,0.924
774,1039,KEL014,2024-06-30,4,6,True,in_stock,0.794
775,1039,KEL015,2024-06-30,2,4,False,in_stock,0.593
776,1039,KEL016,2024-06-30,1,4,True,in_stock,0.416
777,1039,KEL017,2024-06-30,6,8,True,in_stock,0.683
778,1039,KEL018,2024-06-30,2,4,True,out_of_stock,0.509
779,1039,KEL019,2024-06-30,5,8,True,in_stock,0.611
780,1039,KEL020,2024-06-30,7,8,True,in_stock,0.827
781,1040,KEL001,2024-06-30,5,8,True,in_stock,0.657
782,1040,KEL002,2024-06-30,5,6,True,in_stock,0.924
783,1040,KEL003,2024-06-30,4,6,True,in_stock,0.68
784,1040,KEL004,2024-06-30,0,8,False,in_stock,0.083
785,1040,KEL005,2024-06-30,4,4,True,in_stock,0.887
786,1040,KEL006,2024-06-30,3,6,True,in_stock,0.329
787,1040,KEL007,2024-06-30,7,8,True,out_of_stock,0.799
788,1040,KEL008,2024-06-30,7,8,True,in_stock,0.723
789,1040,KEL009,2024-06-30,4,4,True,in_stock,0.924
790,1040,KEL010,2024-06-30,6,6,True,in_stock,0.942
791,1040,KEL011,2024-06-30,3,4,True,in_stock,0.815
792,1040,KEL012,2024-06-30,1,4,False,in_stock,0.172
793,1040,KEL013,2024-06-30,6,6,True,in_stock,0.865
794,1040,KEL014,2024-06-30,3,6,True,in_stock,0.533
795,1040,KEL015,2024-06-30,7,8,True,out_of_stock,0.895
796,1040,KEL016,2024-06-30,6,8,True,out_of_stock,0.79
797,1040,KEL017,2024-06-30,5,8,True,in_stock,0.691
798,1040,KEL018,2024-06-30,2,4,False,in_stock,0.373
799,1040,KEL019,2024-06-30,6,6,True,in_stock,0.92
800,1040,KEL020,2024-06-30,4,4,True,in_stock,0.863
801,1041,KEL001,2024-06-30,3,4,False,in_stock,0.722
802,1041,KEL002,2024-06-30,3,6,True,out_of_stock,0.362
803,1041,KEL003,2024-06-30,4,4,True,in_stock,0.963
804,1041,KEL004,2024-06-30,4,6,False,in_stock,0.636
805,1041,KEL005,2024-06-30,7,8,True,in_stock,0.853
806,1041,KEL006,2024-06-30,3,4,True,in_stock,0.839
807,1041,KEL007,2024-06-30,6,6,True,in_stock,0.817
808,1041,KEL008,2024-06-30,7,8,True,in_stock,0.894
809,1041,KEL009,2024-06-30,5,8,True,in_stock,0.744
810,1041,KEL010,2024-06-30,1,4,False,in_stock,0.17
811,1041,KEL011,2024-06-30,4,6,True,in_stock,0.768
812,1041,KEL012,2024-06-30,6,6,True,in_stock,0.838
813,1041,KEL013,2024-06-30,3,4,True,in_stock,0.904
814,1041,KEL014,2024-06-30,3,4,False,in_stock,0.757
815,1041,KEL015,2024-06-30,2,8,False,in_stock,0.32
816,1041,KEL016,2024-06-30,7,8,True,in_stock,0.932
817,1041,KEL017,2024-06-30,3,4,True,in_stock,0.894
818,1041,KEL018,2024-06-30,6,8,False,in_stock,0.718
819,1041,KEL019,2024-06-30,6,6,False,in_stock,0.826
820,1041,KEL020,2024-06-30,1,8,False,out_of_stock,0.117
821,1042,KEL001,2024-06-30,4,6,True,in_stock,0.846
822,1042,KEL002,2024-06-30,1,6,False,in_stock,0.319
823,1042,KEL003,2024-06-30,1,8,False,out_of_stock,0.111
824,1042,KEL004,2024-06-30,7,8,True,in_stock,0.819
825,1042,KEL005,2024-06-30,5,6,True,in_stock,0.917
826,1042,KEL006,2024-06-30,7,8,True,in_stock,0.96
827,1042,KEL007,2024-06-30,8,8,True,in_stock,0.963
828,1042,KEL008,2024-06-30,7,8,True,in_stock,0.801
829,1042,KEL009,2024-06-30,3,4,True,in_stock,0.737
830,1042,KEL010,2024-06-30,1,4,False,in_stock,0.301
831,1042,KEL011,2024-06-30,6,6,True,in_stock,0.916
832,1042,KEL012,2024-06-30,4,6,True,in_stock,0.735
833,1042,KEL013,2024-06-30,3,4,True,in_stock,0.87
834,1042,KEL014,2024-06-30,7,8,True,in_stock,0.898
835,1042,KEL015,2024-06-30,0,8,False,in_stock,0.065
836,1042,KEL016,2024-06-30,5,6,False,in_stock,0.882
837,1042,KEL017,2024-06-30,8,8,True,in_stock,0.954
838,1042,KEL018,2024-06-30,3,4,True,in_stock,0.878
839,1042,KEL019,2024-06-30,7,8,True,in_stock,0.874
840,1042,KEL020,2024-06-30,4,4,True,in_stock,0.95
841,1043,KEL001,2024-06-30,6,8,False,in_stock,0.74
842,1043,KEL002,2024-06-30,5,8,True,out_of_stock,0.567
843,1043,KEL003,2024-06-30,1,8,False,in_stock,0.216
844,1043,KEL004,2024-06-30,3,4,True,out_of_stock,0.525
845,1043,KEL005,2024-06-30,3,4,True,in_stock,0.901
846,1043,KEL006,2024-06-30,5,8,True,in_stock,0.783
847,1043,KEL007,2024-06-30,4,6,True,in_stock,0.756
848,1043,KEL008,2024-06-30,3,4,False,in_stock,0.69
849,1043,KEL009,2024-06-30,1,8,False,in_stock,0.226
850,1043,KEL010,2024-06-30,7,8,True,in_stock,0.859
851,1043,KEL011,2024-06-30,3,4,True,in_stock,0.779
852,1043,KEL012,2024-06-30,5,6,True,in_stock,0.84
853,1043,KEL013,2024-06-30,3,4,True,in_stock,0.756
854,1043,KEL014,2024-06-30,2,4,False,in_stock,0.512
855,1043,KEL015,2024-06-30,3,4,True,in_stock,0.869
856,1043,KEL016,2024-06-30,4,4,True,in_stock,0.931
857,1043,KEL017,2024-06-30,1,4,False,out_of_stock,0.231
858,1043,KEL018,2024-06-30,6,8,True,in_stock,0.802
859,1043,KEL019,2024-06-30,8,8,True,in_stock,0.897
860,1043,KEL020,2024-06-30,7,8,True,in_stock,0.949
861,1044,KEL001,2024-06-30,4,6,False,in_stock,0.901
862,1044,KEL002,2024-06-30,7,8,True,in_stock,0.802
863,1044,KEL003,2024-06-30,6,8,False,out_of_stock,0.671
864,1044,KEL004,2024-06-30,3,6,False,in_stock,0.459
865,1044,KEL005,2024-06-30,4,6,False,in_stock,0.551
866,1044,KEL006,2024-06-30,6,8,False,in_stock,0.716
867,1044,KEL007,2024-06-30,4,4,True,in_stock,0.87
868,1044,KEL008,2024-06-30,3,4,True,in_stock,0.834
869,1044,KEL009,2024-06-30,4,6,True,in_stock,0.717
870,1044,KEL010,2024-06-30,5,8,True,in_stock,0.641
871,1044,KEL011,2024-06-30,2,4,True,out_of_stock,0.454
872,1044,KEL012,2024-06-30,4,8,False,in_stock,0.529
873,1044,KEL013,2024-06-30,1,4,True,out_of_stock,0.472
874,1044,KEL014,2024-06-30,5,6,True,in_stock,0.966
875,1044,KEL015,2024-06-30,4,4,True,in_stock,0.891
876,1044,KEL016,2024-06-30,7,8,True,in_stock,0.938
877,1044,KEL017,2024-06-30,0,4,False,in_stock,0.192
878,1044,KEL018,2024-06-30,6,6,True,in_stock,0.872
879,1044,KEL019,2024-06-30,5,8,False,in_stock,0.521
880,1044,KEL020,2024-06-30,7,8,True,in_stock,0.887
881,1045,KEL001,2024-06-30,5,6,True,in_stock,0.834
882,1045,KEL002,2024-06-30,4,6,True,in_stock,0.604
883,1045,KEL003,2024-06-30,6,8,True,in_stock,0.774
884,1045,KEL004,2024-06-30,4,6,True,out_of_stock,0.469
885,1045,KEL005,2024-06-30,5,6,True,in_stock,0.72
886,1045,KEL006,2024-06-30,2,4,False,in_stock,0.74
887,1045,KEL007,2024-06-30,7,8,False,out_of_stock,0.849
888,1045,KEL008,2024-06-30,2,6,False,in_stock,0.328
889,1045,KEL009,2024-06-30,2,6,False,in_stock,0.274
890,1045,KEL010,2024-06-30,3,8,False,out_of_stock,0.323
891,1045,KEL011,2024-06-30,3,4,True,in_stock,0.519
892,1045,KEL012,2024-06-30,4,6,True,in_stock,0.726
893,1045,KEL013,2024-06-30,6,8,True,in_stock,0.883
894,1045,KEL014,2024-06-30,6,8,False,in_stock,0.833
895,1045,KEL015,2024-06-30,2,4,False,in_stock,0.286
896,1045,KEL016,2024-06-30,5,6,True,in_stock,0.88
897,1045,KEL017,2024-06-30,4,6,True,in_stock,0.745
898,1045,KEL018,2024-06-30,7,8,True,in_stock,0.753
899,1045,KEL019,2024-06-30,4,6,True,out_of_stock,0.753
900,1045,KEL020,2024-06-30,5,6,True,in_stock,0.936
901,1046,KEL001,2024-06-30,6,6,True,in_stock,0.912
902,1046,KEL002,2024-06-30,4,6,True,in_stock,0.817
903,1046,KEL003,2024-06-30,5,6,False,in_stock,0.743
904,1046,KEL004,2024-06-30,6,6,True,in_stock,0.952
905,1046,KEL005,2024-06-30,3,6,False,out_of_stock,0.6
906,1046,KEL006,2024-06-30,2,4,False,in_stock,0.534
907,1046,KEL007,2024-06-30,3,4,False,in_stock,0.762
908,1046,KEL008,2024-06-30,3,4,True,in_stock,0.817
909,1046,KEL009,2024-06-30,2,6,True,in_stock,0.452
910,1046,KEL010,2024-06-30,6,8,True,in_stock,0.797
911,1046,KEL011,2024-06-30,4,4,True,in_stock,0.945
912,1046,KEL012,2024-06-30,5,6,False,in_stock,0.551
913,1046,KEL013,2024-06-30,6,8,False,in_stock,0.793
914,1046,KEL014,2024-06-30,6,6,True,in_stock,0.918
915,1046,KEL015,2024-06-30,2,6,False,in_stock,0.263
916,1046,KEL016,2024-06-30,5,8,True,in_stock,0.728
917,1046,KEL017,2024-06-30,3,4,True,in_stock,0.63
918,1046,KEL018,2024-06-30,4,6,True,in_stock,0.689
919,1046,KEL019,2024-06-30,4,8,True,in_stock,0.549
920,1046,KEL020,2024-06-30,1,4,False,in_stock,0.431
921,1047,KEL001,2024-06-30,7,8,True,in_stock,0.768
922,1047,KEL002,2024-06-30,1,4,False,in_stock,0.242
923,1047,KEL003,2024-06-30,4,6,True,in_stock,0.733
924,1047,KEL004,2024-06-30,5,6,True,in_stock,0.804
925,1047,KEL005,2024-06-30,1,4,False,in_stock,0.333
926,1047,KEL006,2024-06-30,6,6,True,in_stock,0.915
927,1047,KEL007,2024-06-30,3,4,True,in_stock,0.707
928,1047,KEL008,2024-06-30,8,8,True,in_stock,0.961
929,1047,KEL009,2024-06-30,6,8,True,in_stock,0.742
930,1047,KEL010,2024-06-30,1,6,False,in_stock,0.191
931,1047,KEL011,2024-06-30,5,8,True,in_stock,0.694
932,1047,KEL012,2024-06-30,0,6,False,in_stock,0.06
933,1047,KEL013,2024-06-30,5,6,True,in_stock,0.862
934,1047,KEL014,2024-06-30,3,6,True,in_stock,0.407
935,1047,KEL015,2024-06-30,8,8,True,in_stock,0.926
936,1047,KEL016,2024-06-30,4,4,True,in_stock,0.881
937,1047,KEL017,2024-06-30,5,6,True,in_stock,0.845
938,1047,KEL018,2024-06-30,4,6,True,in_stock,0.872
939,1047,KEL019,2024-06-30,2,4,False,in_stock,0.72
940,1047,KEL020,2024-06-30,6,6,True,in_stock,0.9
941,1048,KEL001,2024-06-30,3,4,True,in_stock,0.847
942,1048,KEL002,2024-06-30,5,8,False,in_stock,0.632
943,1048,KEL003,2024-06-30,3,4,True,in_stock,0.504
944,1048,KEL004,2024-06-30,3,4,True,in_stock,0.88
945,1048,KEL005,2024-06-30,4,6,False,in_stock,0.689
946,1048,KEL006,2024-06-30,6,6,True,in_stock,0.9
947,1048,KEL007,2024-06-30,5,6,True,in_stock,0.704
948,1048,KEL008,2024-06-30,6,8,True,in_stock,0.734
949,1048,KEL009,2024-06-30,4,8,True,out_of_stock,0.628
950,1048,KEL010,2024-06-30,3,8,True,in_stock,0.433
951,1048,KEL011,2024-06-30,4,6,False,in_stock,0.755
952,1048,KEL012,2024-06-30,3,8,True,in_stock,0.372
953,1048,KEL013,2024-06-30,6,8,True,in_stock,0.893
954,1048,KEL014,2024-06-30,7,8,True,in_stock,0.824
955,1048,KEL015,2024-06-30,2,6,False,in_stock,0.338
956,1048,KEL016,2024-06-30,5,6,True,in_stock,0.811
957,1048,KEL017,2024-06-30,8,8,True,in_stock,0.994
958,1048,KEL018,2024-06-30,6,8,True,in_stock,0.738
959,1048,KEL019,2024-06-30,6,8,False,in_stock,0.812
960,1048,KEL020,2024-06-30,2,4,True,in_stock,0.638
961,1049,KEL001,2024-06-30,3,4,True,in_stock,0.909
962,1049,KEL002,2024-06-30,4,4,True,out_of_stock,0.849
963,1049,KEL003,2024-06-30,4,4,True,in_stock,0.888
964,1049,KEL004,2024-06-30,5,8,True,in_stock,0.636
965,1049,KEL005,2024-06-30,6,8,True,in_stock,0.765
966,1049,KEL006,2024-06-30,5,6,True,in_stock,0.861
967,1049,KEL007,2024-06-30,3,8,False,in_stock,0.427
968,1049,KEL008,2024-06-30,7,8,True,in_stock,0.945
969,1049,KEL009,2024-06-30,7,8,True,out_of_stock,0.746
970,1049,KEL010,2024-06-30,2,8,True,in_stock,0.195
971,1049,KEL011,2024-06-30,3,4,True,in_stock,0.862
972,1049,KEL012,2024-06-30,4,6,False,in_stock,0.665
973,1049,KEL013,2024-06-30,3,4,True,in_stock,0.65
974,1049,KEL014,2024-06-30,2,8,False,out_of_stock,0.181
975,1049,KEL015,2024-06-30,4,4,True,out_of_stock,0.915
976,1049,KEL016,2024-06-30,5,8,True,in_stock,0.635
977,1049,KEL017,2024-06-30,3,4,True,in_stock,0.741
978,1049,KEL018,2024-06-30,3,4,True,in_stock,0.644
979,1049,KEL019,2024-06-30,3,4,True,in_stock,0.915
980,1049,KEL020,2024-06-30,3,6,True,out_of_stock,0.568
981,1050,KEL001,2024-06-30,6,8,True,in_stock,0.613
982,1050,KEL002,2024-06-30,4,8,False,in_stock,0.468
983,1050,KEL003,2024-06-30,6,8,True,out_of_stock,0.884
984,1050,KEL004,2024-06-30,2,8,False,in_stock,0.267
985,1050,KEL005,2024-06-30,3,4,True,in_stock,0.832
986,1050,KEL006,2024-06-30,3,8,False,in_stock,0.388
987,1050,KEL007,2024-06-30,5,4,True,in_stock,0.968
988,1050,KEL008,2024-06-30,4,4,True,in_stock,0.963
989,1050,KEL009,2024-06-30,3,4,True,in_stock,0.769
990,1050,KEL010,2024-06-30,5,6,True,in_stock,0.878
991,1050,KEL011,2024-06-30,7,8,True,in_stock,0.86
992,1050,KEL012,2024-06-30,4,6,True,in_stock,0.861
993,1050,KEL013,2024-06-30,8,8,True,in_stock,0.947
994,1050,KEL014,2024-06-30,0,6,False,in_stock,0.289
995,1050,KEL015,2024-06-30,5,8,True,out_of_stock,0.571
996,1050,KEL016,2024-06-30,4,8,False,out_of_stock,0.519
997,1050,KEL017,2024-06-30,5,6,True,in_stock,0.794
998,1050,KEL018,2024-06-30,5,6,True,in_stock,0.902
999,1050,KEL019,2024-06-30,1,4,False,in_stock,0.318
1000,1050,KEL020,2024-06-30,5,8,False,in_stock,0.542
